03:3DEHAI-1,TL2:3sk21cf1,TL2:3sk22cf1,TL2:3sk21a1xq01,TL2:3sk22a1y2,TL2:3sa11cq1,TL2:3sa12cq1,tl2:3YQNOCK
270.07055660000003,142.4232483,166.3222198,50.88178253,52.49220657,485.01306150000005,510.7689819,66.62532806
270.09481810000005,142.64636230000005,172.3972778,50.89597702,52.68030548,462.3718872,452.32513430000006,58.70057678
270.11904910000004,162.1842957,176.3467255,53.84193802,55.53046417,449.65060419999986,445.3743591,52.73558807
270.1433105,143.4347534,180.3838501,50.87705994,51.23578644,508.5025635,506.7609558,43.09382629
270.3616333,134.91233830000002,158.79168700000002,49.13343811,48.21601868,424.769165,426.6792603,21.96830559
270.38586430000004,136.670166,144.71315,49.89830017,47.64170456,455.6635132,428.086731,17.44212723
270.4101257,131.01547240000002,140.6108856,47.19291306,44.33378601,466.3303528,462.0519409,15.14442253
270.4343872,129.0695648,129.2796783,47.04747391,44.28969193,454.8182068,469.98919680000006,13.89791584
270.4586487,126.6567688,124.5292206,45.62496185,42.66230011,435.1940002,426.2965698,14.23852253
270.4829102,121.92765049999998,119.9428329,44.10083008,41.29875183,403.10083010000005,418.0263367,14.29788876
270.5071716,125.1761551,117.2967072,44.72372055,41.00426102,415.0797424,422.4154053,14.49291801
270.53140260000004,123.3617554,114.6505814,44.28362274,40.19781876,402.1810913,392.4825439,16.07939529
270.5556641,122.6831055,112.6533432,44.31241608,39.72518158,403.461731,397.3891907,16.89371109
270.5799255,121.954071,111.0054932,44.18276215,39.44377136,385.5961914,384.2799988,18.12026596
270.604187,125.5952225,111.5383453,45.47034454,39.65013504,421.8731384,408.3931885,18.45898628
270.6284485,124.4263535,112.6582336,44.43002319,40.47652435,391.0049438,406.6195374,19.31099129
270.65271,129.5256805,110.7098846,46.35959244,40.14987946,433.4208374,411.7977905,19.68912888
270.6769409,133.0368195,115.07074740000002,48.0086174,42.61565399,453.3116455,454.9818726,22.52889061
270.7012024,129.085083,115.38541409999998,45.99808121,41.69698715,409.6535645,432.1092834,21.59590149
270.7254639,128.3150024,112.7366486,46.72077179,40.72506332,421.7069702,417.6418457,23.58905792
270.7497253,128.4981079,113.2941666,46.45843124,40.6356163,436.00668330000013,422.2215881,24.47104073
270.77398680000005,129.4558868,112.8082962,46.71303177,40.46697617,427.68185419999986,425.0073242,21.87343216
271.0829773,124.1772079,111.90966029999998,44.96401978,40.29833603,397.0820007,403.2729187,21.54336548
271.82226560000004,123.946846,107.47452549999998,44.79924011,38.66407013,387.3923035,377.5291443,21.49990273
272.561554,128.6079102,104.89054109999998,46.01647949,38.84866714,455.38433839999993,400.2780457,21.98925781
273.30087280000004,133.72753909999997,113.5058136,48.235672,41.92726898,442.485321,457.40997310000006,19.73416519
274.0401611,120.9285126,111.8916321,43.27353287,39.12331772,352.7885437,351.76327510000016,18.82615089
274.7794495,117.7219315,95.25480652,42.42169952,35.11761475,352.5832214,328.34136960000006,23.1603775
275.51876830000003,117.3758698,92.85769653,42.20978165,34.717529299999995,344.7312927,321.4429016,23.04862022
276.25805660000003,123.3545151,92.78739166,43.86433411,35.25484467,392.0168457,366.5038452,17.83219719
276.997345,119.928978,96.98833466,43.27769470000001,36.39998627,385.31826780000006,363.9259033,17.00374413
277.73666380000003,128.02496340000002,98.52488708,45.77743912,37.59718704,426.0455322,410.8058777,17.88818359
278.47595210000003,129.92539979999998,105.3089371,46.86411667,39.22349548,417.5613708,425.19189450000016,20.42908287
279.2152405,122.6318512,103.6969376,44.36503983,38.13017654,374.894165,389.257782,21.37964439
279.9545593,122.9677734,96.75855255,44.00938797,35.54635239,374.9251099,381.0014343,24.52418709
280.6938477,120.2368927,92.00772095,42.95727921,34.93625641,354.7559204,362.6094055,23.79702568
280.995636,117.7226944,88.44685364,42.3634758,33.37021255,343.92382810000015,339.7232666000001,21.64854622
280.6367188,118.63435359999998,86.56861877,42.61998367,32.61852264,346.64785770000015,334.1142273,21.90358925
280.2778015,118.9501343,87.59677124,42.87649155,33.02065659,352.8717346,334.75628660000007,20.81237984
279.91888430000006,120.4912872,88.62491608,43.13300323,33.42279053,358.5591736,348.1396484,20.84345436
279.559967,122.56211090000002,89.90003967,44.26366806,34.09012604,386.780365,373.7256165,21.16122437
279.20108030000006,125.015152,92.6260376,44.96066666,35.5530777,392.2164612,387.0112915,21.06662941
278.8421631,123.0072403,90.74201965,44.36354446,34.65725708,375.7505798,385.2719421,21.80119705
278.4832458,123.6395264,88.85800934,44.51560974,33.76143646,377.8896484,378.3968811,23.37426758
275.25305180000004,120.1516647,105.5242081,42.99998856,38.60654068,356.514679,356.7255859,23.56304169
274.8941345,118.8302841,105.59703059999998,43.59471129999999,39.12081528,363.8377686,330.51715089999993,22.09257507
274.5352173,122.318985,106.5761414,44.18943405,39.1280365,387.4701843,352.6412048,21.7946434
274.17633060000003,126.585556,102.3986435,45.64139175,37.79961014,419.1192017,394.02191160000007,20.11221123
273.8174133,126.5268936,103.8098831,46.52456665,38.24966049,417.8972778,403.8033142,20.42734718
270.5872192,124.5971298,106.1618118,44.76424408,38.97918320000001,425.0731506,415.5304565,24.29836655
270.228302,135.625473,105.7169647,48.83185959,38.90914154,453.1654358,428.9555664,26.30761337
269.86938480000003,136.2558594,105.2721252,49.3228569,38.83909988,464.1135254,443.3478394,29.81090927
269.510498,133.9637756,104.8272858,48.16974258,38.76905823,450.65841669999986,436.4868774,32.80436707
269.15158080000003,131.7610626,104.3824387,47.74719238,38.72608185,432.6342163,444.5422058,33.49504089
268.7926636,129.47671509999998,103.9375992,47.21609116,37.78675461,435.0767822,422.25616460000015,30.76187515
268.5129089,129.4996338,103.4927597,46.71261978,38.30257034,410.2703857,430.18396,27.78407097
268.396637,125.6307068,98.63346863,44.9081459,36.25877762,391.3095398,401.3279114,25.21628761
268.28033450000004,125.2172623,95.44182587,45.29507828,35.53562927,408.029541,392.0170898,24.6896019
268.164032,130.28009029999998,98.14586639,46.86919403,36.62727356,441.4284058,431.6873169,23.66124344
268.0477295,125.7451019,99.16072083,45.76411438,36.53417969,410.052948,409.2475586,21.44721603
267.9314575,125.9717865,97.2977066,45.34368134,36.48093033,415.3435974,412.6226807,23.15999413
267.8424072,129.092041,95.96208191,46.00152588,36.1231308,436.1053772,405.8699951,26.0247879
267.8138733,131.9413757,99.38232422,47.53741074,37.67473602,449.0079651,446.0440063,24.46080589
267.7853699,131.8442841,102.2800522,47.77723694,37.82679367,458.6395874,452.54748539999986,23.85256577
267.7568359,125.8917084,99.29482269,46.03841019,37.2380867,408.0786438,430.1413879,25.77462196
267.7283325,119.4124374,93.58156586,42.86495209,33.63346863,373.5707092,374.8834534,26.8057785
267.6997986,119.1985703,85.78218079,42.18966293,31.65885925,366.9147339,350.5275269,27.39899826
267.67129520000003,118.9847031,80.96164703,41.94693756,30.71297455,373.7004089,350.55169680000006,23.25204468
267.6427612,117.1018524,80.03653717,41.91002274,30.67250061,373.1680298,353.83728030000015,21.14860153
267.6142578,112.9729309,105.1379547,40.56057358,39.09411621,389.025238,354.0993652,20.10626984
267.5857239,121.3418121,113.6395416,43.92506409,41.32987213,415.3151855,403.08337400000005,21.413360600000004
267.5571899,129.7233124,118.6725693,46.90351486,43.03926468,455.31475830000005,437.84487919999987,22.46068192
267.52868650000005,135.84689330000003,126.6921005,49.68405914,44.85313034,473.7139282,478.2845154,24.71637535
267.50015260000004,133.37854,129.05632020000002,48.58908463,45.24171066,453.91201780000006,453.13220210000014,30.03147125
267.4716492,125.1219482,124.9216156,45.10179520000001,43.55503082,396.7426758,421.269104,36.83534622
267.4431152,121.1042404,116.9098663,43.11457825,40.72676468,401.3028259,372.9847717,37.81297302
267.41461180000005,121.670311,113.9048309,44.10357285,40.39464951,396.3601074,386.0250244,32.76392746
267.38607790000003,120.3856125,113.8110123,43.46801376,40.41765976,392.7459106,376.6691895,26.85304832
267.3575745,124.5149765,113.7171936,44.83162689,40.48616409,405.4411316,396.8239746,26.31101227
267.3290405,130.0814819,117.7491226,47.47152328,42.21328354,447.7962341,425.2723694,26.69212151
267.3005371,131.2026062,123.7925797,47.95700073,43.71643448,439.89691160000007,432.4227905,26.57787895
267.2720032,127.5545197,122.1914825,46.12709808,42.77887344,428.1704712,408.56607060000016,29.36728287
267.2434998,125.8032074,118.8552322,45.2958374,41.67518234,393.4017029,400.2912598,32.4584465
266.9868164,124.8925629,88.18974304,44.92038727,34.70170593,419.6431274,413.1244812,31.13035583
266.9582825,126.5411835,92.44841766,46.08653641,34.85088348,432.40283200000016,412.3835449,27.07329178
266.9297791,124.3443909,95.72045898,44.73863220000001,35.89429855,418.52389530000005,429.1794434,29.65336227
266.9012451,128.3632202,98.63371277,46.24580765,36.45370483,444.3045654,439.08914180000005,31.89458084
266.8727417,124.275238,97.29693604,44.92154694,35.81616211,419.5771484,420.0517273,31.90153122
266.84420780000005,123.8578415,95.73647308,44.50203323,35.178623200000004,404.58639530000005,412.7701721,30.64265823
266.8157043,117.9922943,92.39565277,42.59735107,33.63727951,369.1368713,368.2866211,31.51938248
266.7980347,117.0415649,88.16140747,41.91331863,32.835289,372.167572,361.1521301,29.40005493
266.8161011,121.3319168,86.03369141,43.41120148,33.05945206,390.1247559,371.8669434,27.86505127
266.834137,124.2060318,87.30916595,45.13152313,33.43737411,420.58999630000005,400.338562,25.53706932
266.8522034,131.1269836,93.30027771,47.22432327,35.96792603,485.9068298,447.77496339999993,26.14160919
266.87023930000004,172.19636540000005,103.7182846,56.11000061,41.461689,601.6427002,573.0847167999998,28.58689499
267.0327454,124.3124771,92.83200836,44.59934998,35.18661499,426.38034060000007,409.8080139,24.96721458
267.0507813,128.118988,96.02901459,46.49557495,36.58982086,439.8485107,430.994812,26.3552475
267.0688477,123.0328598,95.59753418,44.64157486,35.76013184,406.1014709,401.12606810000005,28.53268433
267.0869141,122.71836090000002,92.52181244,44.56209946,34.78885651,397.0008545,396.2411804,31.59940910000001
267.10495,121.9749222,89.01941681,43.41739655,34.20937347,401.8273315,375.795105,31.44220543
267.1230164,120.4416351,88.40826416,43.79224777,34.08729172,389.7748413,381.1765747,28.75365448
267.1410522,120.8207092,87.79711151,43.47420502,33.90752792,386.3190002,376.4121704,28.14394188
267.1591187,118.3642273,87.18595886,42.52327728,33.09329605,363.570343,348.3736877,28.78329277
267.1771851,119.4344635,84.77002716,42.5497818,32.65678406,375.5215149,352.2380676,29.24840164
267.19522090000004,120.6222763,84.67456818,43.25559616,33.18330383,396.4365234,362.1561584,28.92778206
267.2132874,124.5612335,86.67147064,45.05571747,34.50508118,410.7337036,396.1203613,27.5608139
267.2313538,125.4358826,90.7437439,45.33962631,35.6211586,440.00964360000006,404.0791626,28.81485748
267.2493896,131.5509338,94.90873718,47.91275787,37.02440262,453.0829773,446.532196,30.1284256
267.26745609999995,129.1113892,99.0619812,46.37359238,36.9757309,427.3536987,433.2590942,32.20166397
267.2854919,124.4548111,95.40299225,44.19316483,35.32276535,404.47052,394.8404236,34.69044495
267.3035583,122.0510941,91.7440033,43.90289307,34.57185364,398.4621582,375.9970703,36.22426224
267.3216248,123.7693405,90.35045624,44.46364594,34.74807739,406.3144836,388.732605,31.89489174
267.3396606,124.1601563,91.37860107,45.16651535,34.92429733,405.2157288,388.9848022,29.30605316
267.3577271,124.8093567,92.40674591,45.63035202,35.10052109,427.51623539999986,404.6322632,28.28121567
267.37576290000004,125.5802155,94.39655304,45.47061539,36.04195786,422.4760742,411.0239563,29.71326828
267.3938293,125.82800290000002,94.0287323,45.39868927,35.91002655,423.15625,410.22903439999993,30.34145546
267.4118958,125.1009903,93.04786682,44.93740845,35.52205658,416.0655518,408.3036194,31.84010696
267.42993160000003,121.44685359999998,92.06700134,43.97377396,35.13408661,391.4298401,397.0658875,32.09973526
267.447998,122.8955536,91.08614349,44.48435593,34.78467941,410.2911072,402.3292542,31.37461853
267.4660339,121.6184769,90.10527802,44.16200638,34.24577713,400.457489,392.223114,30.20655823
267.4841003,120.3327408,89.12441254,43.40477753,33.70687866,387.6859131,370.7418823,28.90955162
267.2609253,122.9692154,88.68653107,44.16674042,34.06690216,401.5375671,392.8422852,29.7138443
265.9891357,123.8769531,88.61061859,44.19603348,34.87638855,397.253479,397.3188477,29.15422821
264.7173462,123.698967,88.53471375,44.03889084,34.14091873,397.0717468,390.8721619,28.0477829
263.44555660000003,124.4795074,89.56773376,45.12720871,34.73757935,433.6582336,392.9536438,29.61821938
262.1737671,122.2619629,93.40567017,43.81553268,35.42683029,405.8899536,401.0110779,29.57116699
260.9020081,121.6117172,91.06389618,44.02011871,34.45532227,389.8464966,380.0955505,29.78856659
258.358429,124.5176163,92.25587463,45.00263214,34.80908585,462.8401489,413.685791,30.77776146
257.0866394,130.7434387,97.1234436,47.57393646,37.33601761,443.4706421,450.7097778,29.47729301
255.8148651,130.12747190000002,99.63134766,47.25999451,38.08877563,441.2472229,451.9745789,30.85051537
253.27130130000003,119.9950256,96.42203522,43.14065933,35.4385643,384.06176760000005,381.1092224,36.20892715
241.8252563,117.68840790000002,88.15171814,42.66157913,34.276474,389.39865110000005,403.7381592,31.44020081
240.5534668,122.9223785,88.42990875,43.90052032,32.89770889,427.6158752,406.7292786,25.11182022
239.2816925,129.2060547,77.01037598,46.71998978,29.20485115,459.5387268,456.1827698,23.46805382
238.1893311,143.1383209,79.21952057,51.44157028,32.70351791,534.8450928,532.2575072999998,24.55802155
238.1501465,147.3830261,91.74539948,51.5968895,36.48939133,516.7154541,540.2764892999999,28.17306328
238.1109619,138.2581482,92.07926941,49.34078217,35.41269684,499.0253906,533.817688,33.18727493
238.0717773,125.339859,88.98001099,44.78822327,33.13935471,422.6057129,465.6809998,41.40903091
237.7191315,124.2220993,90.15105438,44.75625229,33.54421997,394.9197998,447.4022217,49.64891815
237.6799469,117.2160721,82.25511169,41.52304077,30.52972794,373.312439,384.7564392,52.79850388
237.6407623,114.508194,79.15409851,41.11555099,29.86607361,378.431488,368.94577030000005,44.70087433
237.6015778,119.0617218,81.03139496,42.59284973,31.13737106,379.219574,403.57278439999993,33.80586624
237.56240840000004,123.6919403,84.1799469,44.42365265,32.06375885,436.182251,434.3289795,27.5335598
237.5232239,121.8540192,89.45323944,43.81171799,34.33559036,401.83294680000006,422.18246460000006,28.75323677
237.4840393,123.3344879,91.36199188,45.26144791,34.56521606,441.5338745,433.4167175,30.62631226
237.4448547,128.7787933,98.14464569,46.68080521,37.48724747,442.7157288,487.4137878,34.72651291
237.4056702,125.98958590000002,100.3811035,45.37290192,37.31135178,446.3743286,454.45251460000014,33.14100647
237.3664856,124.8986816,99.06984711,44.40677261,36.72767639,418.8457031,446.7972412,35.29193115
237.327301,127.0689087,99.68612671,45.96688843,37.41004944,425.682251,480.97366330000006,36.64589691
237.2881165,121.3752518,97.24227142,43.81832886,35.96289063,419.17895510000005,425.8583984,35.08608246
237.2489319,123.9225311,95.83971405,44.03194046,35.65475082,428.1774292,415.8131104,32.54106522
237.20974730000003,122.7623291,98.12150574,45.19478989,36.29108429,429.57659910000007,441.30316160000007,32.44241714
237.1705627,128.1383057,100.5104446,45.95544815,38.01691818,448.9487915,468.0255127,29.54626274
237.1313782,124.149971,103.1190567,44.4588623,37.55350113,408.5451355,459.3985901,29.8427887
237.0922089,119.829422,98.36564636,43.09848785,35.53715134,396.717926,419.7926636,31.31440544
237.05302430000003,122.28989409999998,97.06054688,43.78948975,35.56223679,419.2239685,429.4768982,33.25865936
237.0138397,123.6468201,98.77271271,44.14464569,36.21523666,429.7793579,434.3105469,30.56406403
236.9746552,124.9418182,100.4848709,45.04324341,37.64586639,422.1473694,464.21206669999987,28.27823448
236.9354706,124.6076889,102.0993423,44.73818207,37.29965973,421.83169560000016,445.8950806,29.51806831
236.896286,126.9586945,103.7029495,46.36087036,38.03753281,464.3494263,471.44714360000006,31.31702423
236.8571014,130.1022949,107.9628906,46.88399506,40.1047554,469.6889954,492.0149536,32.58003235
236.81791690000003,130.34442140000002,112.4907684,47.35811996,40.63669586,456.7713013,505.2357178,31.89459419
236.77873230000003,127.0637054,110.994606,45.82575607,39.95608139,430.8816223,481.3497314,34.29972839
236.7395477,124.729599,105.5136108,44.4764061,38.14701462,412.5532837,440.8010254,36.38192368
236.7003632,119.68666840000002,98.25297546,43.71549606,36.01152039,410.5483704,410.515625,35.95273209
236.6611786,121.9814453,97.55249786,43.68513489,36.03056335,405.0628662,413.7867432,33.14134216
236.62200930000003,127.3645477,99.34182739,45.8066864,37.22533417,446.3993835,472.7611694,29.7206192
236.5828247,126.7908249,105.8904572,45.51449203,38.90789795,433.3548279,464.5723572,29.69518661
236.5436401,126.8972015,105.689209,46.67127991,38.89323425,451.3904114,459.42816160000007,30.29809189
236.5044556,134.0658875,107.0350952,48.76552582,40.28524779999999,475.0186768,531.1660156,33.91718292
236.465271,134.3127747,117.4803696,48.95713806,42.93908691,463.2966309,534.1688843000002,33.35792923
236.4260864,133.8141479,115.89192959999998,48.45882034,41.30668259,447.3259888,504.9205627,33.74664307
236.3869019,134.48692319999998,113.4127808,48.52658081,41.27120209,431.78967289999986,493.635498,37.58098221
236.3477173,135.15969850000002,108.094986,48.59434509,38.48121643,403.5299988,447.3397217,35.73689270000001
236.3085327,135.8324738,103.6862946,48.66210556,38.2611618,429.867218,464.4766541,32.62007141
236.2693481,136.505249,109.4808502,48.72986603,41.00428009,450.7183533,496.6974487,28.01449013
236.2301636,135.43409730000002,113.6755371,49.59105682,41.33753586,482.7095337,511.46438600000016,23.93934631
236.190979,140.099472,119.3756485,50.76868439,43.3211174,480.6375427,537.0980835,23.06739235
236.1518097,149.4078217,121.1316833,51.8265419,43.60039520000001,494.45022580000006,567.1033936000001,22.75165176
236.1126251,139.086792,122.3280182,50.21047974,43.17218018,494.5661926,534.4830933000002,24.741642
236.0734406,143.8222656,123.1087189,50.46757507,43.76000214,481.03002930000014,555.2224731000001,25.4730854
236.034256,132.7025452,118.3405609,47.53524017,41.34342575,450.2268982,493.86203,26.01953697
235.99507140000003,131.7189178,111.8111115,47.35737228,39.92467117,436.3663025,485.0655823,24.87449837
235.95588680000003,128.9327698,107.8196487,46.78340912,39.77528763,443.8002625,465.9862366,24.747509
235.9167023,137.78651430000002,112.6258774,50.64944458,41.29122543,506.8085022,541.0808716,22.30305862
235.8775177,145.2933502,124.7792282,50.71590042,43.92319107,507.8079834,544.845459,21.39450645
235.8383331,147.5322571,128.90246580000002,51.58369064,44.79173279,514.1018677000002,575.6773071,22.96617126
235.7991486,158.45335390000002,130.9990692,53.49282837,45.116539,560.723999,607.8579102000001,28.33982849
235.759964,151.0838928,135.9775085,51.97721481,45.78233337,538.2567138999998,578.9329223999998,30.46497345
235.72077940000003,149.6923523,131.8705902,51.83734894,45.89846039,516.6849976,578.6612549,30.10792923
235.6816101,145.5890656,130.7693787,51.2165451,45.12994385,525.7394409,561.8205566,32.54272461
235.6424255,147.46842959999995,132.575531,51.64662933,45.45598602,532.5026245,578.5936889999998,30.2890377
235.60324100000003,147.9201813,134.59432980000003,51.50294876,45.7820282,510.92813110000014,578.7335205,28.99882889
235.56405640000003,136.0661469,129.2519531,48.96124649,44.20661545,470.604248,535.2749633999998,29.50586128
235.4856873,127.6292191,115.312355,46.18548965,40.59492111,427.4179688,500.87377930000014,25.47214317
235.4465027,131.9770813,115.4492264,48.21756744,40.49745941,466.8704834,517.8076781999998,23.3727417
235.4073181,129.27026370000002,118.6847305,46.21303558,41.72625351,411.6553955,489.0031433,22.368927
235.3681335,127.8375549,112.4385452,46.268116,38.80951691,440.3770752,477.2315979,21.81659126
235.328949,125.7287979,109.0563889,44.98507309,38.71868515,427.6822205,462.3320313,26.23240662
235.2897644,127.4101334,107.09655,47.04360962,38.56555557,449.4928284,471.250061,24.78399277
235.2505798,145.79934690000005,112.7708282,51.34646988,42.59104538,536.2530518,543.4089355000001,25.80857849
235.2114105,172.48297119999995,126.7141266,55.13214874,45.32807922,559.001709,598.2328491000002,26.36426926
235.1723022,171.14657590000004,136.0271606,55.30851364,47.78891754,551.2243652000002,628.0527344,31.64840698
235.1917572,143.88093569999995,130.69618229999998,50.60146713,44.35827255,483.20538330000005,551.6506958,40.40311432
235.2111969,136.8080292,119.0451584,49.92459488,42.29972076,492.7449341,536.9199829,43.22104645
235.2306519,131.0408173,117.6673813,47.66746902,41.33762741,453.6451721,506.8038635,37.39067078
235.2501068,129.4033203,111.96965790000002,47.00569534,39.68264008,442.4969482,483.84832760000006,29.29324341
235.2695618,123.335083,106.0639877,44.28089905,38.37158203,396.5406799,423.78372189999993,27.20617867
235.2890167,124.2144241,99.18391418,44.8608284,37.07453156,420.1660767,437.51474,26.25089645
235.3084717,133.7433014,101.8560944,48.67976379,38.0375824,472.4261475,493.5005188,26.70440674
235.3279266,133.3004761,110.2360535,48.30931854,40.95584488,460.27835080000006,504.9503174,24.21440125
235.3473816,142.3652649,113.9304276,50.88037872,41.87757111,504.0905457,542.9034424,26.76862907
235.3668213,139.7030792,116.3347549,50.04455566,42.05860519,489.0968323,523.9355469,32.52509689
235.3862762,137.2822876,116.1646194,49.30454636,41.44649124,486.565918,520.4440918,34.52729797
235.4057312,133.3838196,113.5528564,48.03873062,41.01737976,457.8410645,507.5447998,36.6142807
235.4251862,134.1075439,110.7191315,48.98921967,40.10696411,465.0538025,496.8535156,34.74843597
235.4446411,130.1451721,107.934494,47.13320541,39.03611374,446.3357849,467.7676697,32.96673584
235.4640961,129.78324890000002,106.5735474,47.26968384,38.47880173,441.3151245,469.0778198,30.55078888
235.483551,133.9229889,107.3710709,48.76406479,40.15009689,462.1183777,508.5947876,29.98632813
235.503006,133.0806122,110.0506744,47.99876404,40.16559601,454.2599487,490.4699402,29.19164085
235.5224457,137.06152340000003,109.8444366,49.37376404,40.96665573,485.6856384,529.0136719,29.88989639
235.5419006,135.9718018,114.60905459999998,49.16546631,42.23170089999999,471.130127,543.9395142000002,32.15143967
235.5613556,142.98530580000005,119.442749,51.31797409,42.18681717,508.1072388,556.2926025,30.78823853
235.5808105,141.84815980000005,121.83314509999998,50.58599854,43.26987839,493.6715698,552.9703369,32.76306915
235.6002655,132.5375519,118.1953659,48.3338356,41.99367905,447.0006714,510.1764832,32.67036819
235.6197205,128.147583,111.3094711,46.26192093,39.66355515,427.9428101,470.0299683,35.01200485
235.63917540000003,124.6972733,102.4284134,44.84425354,37.3048439,408.9604187,442.6560669,33.4429245
235.6586304,127.4148788,100.9894409,46.44161987,38.20450592,428.5709534,472.1419373,28.58675003
235.6780853,126.8614197,105.6762543,46.30213928,38.62903595,439.6205444,463.1065063,25.95029831
235.697525,133.4027557,108.875679,48.12206268,39.78722382,472.0299988,499.3151245,25.24674988
235.71698,136.3322906,113.415123,49.78282166,42.03118515,469.2588806,543.8701782,28.77383041
235.7364349,136.5688782,115.5004578,49.49145508,41.21718216,485.4547119,520.5911255,29.80284882
235.75588990000003,134.92001340000002,115.0261993,48.76434708,41.45220566,446.4446716,527.1101685,33.53455734
235.77534480000003,133.5473175,110.9318466,49.19265747,40.35448074,465.789978,511.9973145,34.10885239
235.7947998,128.4468536,108.6022949,46.55813217,39.89453125,425.9872131,470.62747189999993,33.45949936
235.8142548,128.5536041,105.1766205,46.91452789,38.15633774,430.4358215,457.7520752,30.89537239
235.8337097,131.9448242,103.4015198,47.70291901,38.08325195,458.9288025,485.7309265,30.50213814
235.8531494,131.8344879,103.8158493,47.54989243,38.34950256,458.6982727,487.92846680000014,28.05528259
235.87260440000003,147.2643585,104.2301788,51.80647278,38.61575317,525.8833008,550.6174927000002,27.16876411
235.89205930000003,165.76890559999995,104.6445084,54.10771942,38.88200378,526.6519165,575.9696045,30.24915695
235.9115143,146.2252045,106.5574036,51.10667038,39.65381241,513.9066161999998,578.4431762999999,30.88976288
235.9309692,142.3572083,108.23418429999998,50.42599869,40.00128174,498.4653015,532.2507935,38.27131653
235.9504242,131.5260315,108.30361940000002,47.42592239,39.89780426,435.4629211,496.2704163,37.78716278
235.9698792,129.02616880000002,108.3730545,46.53030777,39.79432678,415.9333191,487.7254944,33.3596077
235.9893341,127.6568375,106.646286,46.35299683,39.6908493,444.96575930000006,458.3930664,32.182724
236.0087738,130.03903200000002,91.73734283,47.22462463,34.23162079,458.16571039999985,477.4904175,27.66681862
236.0282288,134.37402340000003,89.88083649,49.04716492,34.51877594,488.4285889,510.1912537,26.95757866
236.0476837,140.90364069999995,92.40576935,50.63643265,36.05587387,499.4088135,537.2696533,29.03322411
236.0671387,138.02001950000002,97.35740662,50.303936,37.50564957,479.8996277,551.9520874,30.97142029
236.0865936,143.61906430000005,96.8653183,50.82329178,37.00463867,490.8821411,545.0150146000002,34.33800125
236.1060486,137.0039825,94.07020569,49.60207367,36.62218475,483.233551,529.5934447999998,36.71785736
236.1255035,136.26220700000002,91.67168427,49.22244263,35.87589264,477.4235535,528.793396,35.98070145
236.3005829,136.8102112,97.15093994,50.06140137,38.24775696,479.7525635,527.4849853999998,34.754673
236.3200378,137.336853,100.5662308,48.97993851,37.85511017,469.4824219,524.840332,32.09981155
236.3394775,130.3465271,95.5752182,47.10249329,36.31361389,436.6451416,473.9548035,37.32692719
236.3589325,131.0009613,92.87042236,47.56515121,35.99568176,450.509613,508.7420349,39.25390244
236.3783875,133.63597109999998,95.7416687,48.02814865,36.36802292,466.13638310000016,501.2992554,37.55140686
236.3978424,130.7619476,97.1031189,47.69399643,36.71832275,446.2703857,498.0195007,32.6149292
236.4172974,131.5583496,97.76490784,47.51174927,37.09085464,441.6063232,490.9067688,34.1545105
236.4367523,139.0682678,98.42669678,49.68355179,37.75206757,489.0997009,533.1047363,34.32990646
236.45620730000005,138.8046875,107.17144009999998,49.87862396,40.68226624,481.1491089,547.7943726,33.33326339999999
236.4756622,146.15953059999995,110.9156647,51.18344498,41.50077057,505.0903931,567.5955811000001,34.36390686
236.4951019,141.22328190000005,113.9023895,50.79027939,41.88924789,469.1922913,564.9367676,39.36148834
236.5145569,137.4563141,109.7506943,49.76990891,40.17271423,479.7961426,527.244751,39.89485168
236.53401180000003,135.975708,112.0444031,49.85153961,40.91679382,472.7249451,533.4805908,40.96218109
236.5534668,135.39181519999997,110.7644196,49.18782425,40.08624649,473.4926147,521.6036987,38.42963791
236.57292180000005,132.4398804,107.6975937,47.67159271,39.25569534,455.6542358,502.36386110000007,35.91604233
236.5923767,127.3027115,103.9731979,46.02769852,38.77090454,419.2390137,473.2252502,34.43956757
236.6118317,130.9286804,101.6269226,47.16754913,38.39251709,444.8927002,489.1569824,34.55523682
236.6312866,133.0081177,103.7372208,48.55309677,38.64881516,458.2072754,498.9920349,33.13461304
236.65072630000003,136.7973633,106.9728394,49.3857193,40.14424515,482.54071039999985,533.828125,30.78951263
236.6701813,135.3396301,111.5623322,49.56393051,40.83381271,498.2958374,523.0105591,32.24565887
236.6896362,173.75595090000004,122.59307859999998,55.07964706,46.22079086,538.9910888999998,651.4049072,34.2712059
236.7090912,170.9425507,137.07409669999998,55.31995773,47.36863708,542.7868042,628.4925537,36.20793152
236.7285461,160.1399841,132.8854675,53.13929367,45.53778839,531.2640381,592.0196533,38.25680161
236.7480011,172.64465330000004,133.5522919,54.74969482,47.58067322,542.7148437999998,648.6672363,44.65633011
236.7674561,159.4083557,133.2598572,53.12282562,45.68829727,527.6062012,603.7741699,41.93858337
236.786911,164.9222565,132.23487849999998,53.89525604,46.11160278,544.116333,612.6582031,37.95597839
236.80636600000003,143.7332916,130.43179320000002,51.26699829,44.62622070000001,483.03564450000016,543.0140991000002,38.33991241
236.8452606,133.2685699,114.422493,48.33312988,40.96123886,442.760376,514.3727416999999,34.62722015
236.8647156,129.9291382,108.8800735,46.58559799,39.00757217,424.7033997,479.1278381,29.46910858
236.8841705,125.6009598,102.0341949,45.6445694,37.6957283,416.6817017,463.5827637,28.22331619
236.9036255,127.4255829,101.7276764,46.30688095,37.83705521,428.9290466,456.2724915,26.83129883
236.9230804,127.67491909999998,103.7215729,46.30990219,37.9783783,392.4190674,446.6048279,26.56602669
236.94253540000003,127.9242477,95.61582947,46.31292343,34.59130859,374.6818848,395.537262,26.68992996
236.9619904,128.173584,91.71837616,46.31594467,34.99954605,397.2516479,416.7790222,28.86975098
236.9814301,128.4229126,94.78266144,46.31896591,35.80293274,439.0773926,442.2815857,26.8805027
237.000885,125.3390961,101.6301498,45.28141022,38.31124496,433.19104,468.1963806,24.77511597
237.02034,139.2223206,107.4104767,49.91670227,41.30059433,493.5577698,555.2382812999998,23.94456482
237.0397949,131.0445862,112.8643417,47.34836197,41.20277405,428.4278564,527.6987305,26.18908119
237.0592499,127.6637192,106.5883408,45.74892807,38.51130295,430.9063721,466.6448059,28.03803062
237.0787048,121.8917236,100.4916458,43.83024216,37.26117325,401.8896179,441.4920044,34.83481979
237.0981598,123.00500490000002,96.53731537,44.31246948,36.36018372,410.0244446,431.7248535,31.58340073
237.1176147,123.5252075,97.5094986,44.25682831,36.53261185,406.2730713,439.40777589999993,29.68387794
237.1370544,120.0372162,94.43018341,43.46078873,35.14459229,405.881073,401.4631348,27.92910576
237.1565094,126.6968765,96.40519714,45.33323288,36.59710693,441.5305786,445.2565613,30.41704178
237.1759644,130.9602051,101.3136444,47.4659729,38.93673325,462.33871460000006,507.51925660000006,30.70921707
237.1954193,135.0614166,108.9719162,49.26680374,40.93839264,464.91241460000015,529.1923828,31.77874565
237.2148743,135.29698180000003,111.6355057,48.78497696,40.85892487,465.2238159,520.0540771000002,36.00760269
237.2343292,135.8437042,112.2161865,49.29280853,41.56993866,464.5566406,533.6566161999998,40.96279526
237.2732391,124.3833084,103.8473206,45.05582047,38.26886749,404.6297913,457.0396118,40.32686615
237.2926788,130.1322021,99.77288055,47.31487656,37.78686142,464.0271301,461.8189087,38.25321579
237.3121338,130.4235687,102.0064087,47.00061035,38.59091568,434.9686279,502.4635925,34.41400909
237.4872131,129.3636475,114.16981509999998,46.63950729,40.52887344,442.9370422,472.1020813,39.02907944
237.5066681,128.749054,103.0817795,47.0463829,38.63088226,434.5723877,500.8885193,39.31357193
237.526123,125.3175888,99.47483063,45.60057831,36.93614960000001,421.8904724,442.99581910000006,39.02811432
237.545578,133.1080017,100.5389099,48.49837494,38.17012405,470.7153625,493.1037903,31.27737427
237.565033,142.0988617,110.1476898,50.93930054,41.44050598,486.1714478,557.6823730000001,30.15736389
237.58448790000003,148.4364014,115.9680023,51.3606987,42.48308945,521.0372925,565.6052246,30.94608307
237.6039429,150.8770447,120.8422318,52.02807236,43.46992111,491.5568237,564.8991699,37.23416901
237.6233826,147.85690309999995,117.27189640000002,51.41731262,42.20173264,495.44989010000006,559.166626,39.54919052
237.6428375,137.1601868,113.47154240000002,49.80297089,41.0384407,468.35321039999985,510.51220700000016,40.34734726
237.6622925,128.8817749,107.14105990000002,46.40116119,38.91665268,439.49783330000014,475.8512573,37.76287079
237.6817474,127.1227112,102.1101379,46.63103104,38.16880798,417.8474121,480.0041504,34.44258118
237.70120240000003,123.8589935,97.88183594,45.31855774,36.01768875,419.56604,437.1896057,30.65086746
237.72065730000003,124.5647125,97.51410675,45.34187698,36.5159111,399.1998901,453.03402710000006,28.18353653
237.7401123,128.61758419999998,98.81913757,46.55447006,36.88906479,450.6429138,476.8240051,27.97204208
237.7595673,139.6033325,103.9517822,50.47680664,39.88511658,494.73663330000005,542.7311401000002,27.97579765
237.779007,149.7226563,112.7043457,51.80809021,41.63609314,495.5075073,568.9349365,28.98984146
237.7984619,151.3364105,116.1093063,52.31797409,42.75583649,500.4922485,564.1895142000002,33.68325043
237.81791690000003,135.7864685,113.9876404,49.23588562,41.20273209,464.2972412,516.746582,39.44298172
237.83737180000003,135.2124481,109.51523590000002,49.15196991,40.27672958,454.6801453,519.2733154,39.95878983
237.8568268,132.9409637,106.7465134,48.71902847,39.26877594,447.0990295,499.1240845,37.10572815
237.8762817,135.4456177,106.5858459,49.06114960000001,39.77525711,451.76397710000015,518.2005005,32.70565033
237.8957367,133.1591644,106.7738342,48.82031631,38.75989532,462.3808594,501.6759644,32.17409515
237.9151917,134.7154236,106.7077484,48.94095993,39.36664963,467.8095703,496.2525024,31.52600861
237.9346466,134.90653989999998,106.641655,49.06160355,39.97340393,467.3713989,510.4416504,32.16511154
237.9540863,140.7573853,108.0393677,50.64723969,40.14219666,468.80825810000016,531.2851563,32.86179733
237.9735413,134.19546509999998,105.5761032,48.60672379,38.71377182,446.3267212,506.0376282,32.74678802
237.9929962,131.7016296,102.9266205,47.88556671,38.54187012,439.6089478,490.9716187,33.54408264
238.0124512,134.3059845,102.6603012,48.99234772,38.94250488,467.96627810000007,492.971283,33.80307007
238.0319061,133.92597959999998,103.4441757,48.51947403,38.78186035,456.6486511,484.8310547,30.59997559
238.0513611,131.8076935,104.2280502,47.91761017,38.62121582,448.25396730000006,489.6405029,29.95942307
238.070816,136.1235352,105.0119247,49.28134155,38.87247086,467.1376648,508.6860962,31.59590149
238.090271,135.0236969,105.9214783,49.00810623,39.89090729,460.9917603,515.7092285,32.36924744
238.1097107,136.4776306,107.6212997,49.62892914,39.4876976,468.1584778,520.9804688,31.64776802
238.1291656,136.7047577,108.2695007,49.50051498,39.74324799,457.5395203,516.0482787999998,33.46006012
238.1486206,134.7268372,109.3480148,49.22072601,39.96722412,475.5841064,524.8433838000002,34.11022186
238.1680756,134.4578705,110.7658081,49.69178009,40.3277626,483.640686,526.7012938999999,34.48122406
238.1875305,134.1889191,112.1836014,49.02990723,40.92286301,463.51651,521.2146606000001,33.14632797
239.521637,127.655365,111.9113007,46.23816681,40.90354156,428.41571039999985,456.5325928,33.69635391
241.68209840000003,127.9447098,111.3009872,46.30510712,40.88422012,427.5967102,477.9048767,33.84872437
243.84255980000003,129.14030459999998,110.69067379999998,46.67073441,40.86489487,453.7263489,472.565918,31.67902565
246.003006,134.2289581,110.0803604,48.28792191,40.84557343,475.3106079,484.440155,28.2738533
250.3239288,133.217392,110.01547240000002,49.30759811,40.80693054,473.7816772,509.5599976,32.1219635
252.4843903,130.8927917,110.1843033,48.12969208,40.78760529,445.0194702,485.7885437,35.92573547
254.6448517,122.7436905,110.3531418,43.99481201,40.69358826,385.4851074,414.7139282,35.7660141
256.8052979,122.5337906,107.1254196,43.97975922,38.59671021,405.6605835,408.6501465,35.20690536
258.96575930000006,124.969696,100.8326416,44.80221176,37.68226242,413.4364319,414.7001038,32.25419617
260.9520874,126.6953125,102.9905396,45.62466812,38.98470306,446.5183105,467.4677124,28.34780693
262.8338013,125.5797653,110.5138855,45.40772247,39.72647476,409.414093,439.4237366,30.76703453
264.7155151,122.3129959,103.1986008,43.49695206,37.39159775,381.8912048,408.3859253,33.26040649
266.5972595,121.3351288,95.94113159,43.42801666,36.03713989,402.6511536,400.3795166,36.63612366
267.4621887,122.5105057,98.45592499,44.24211121,36.68345261,403.0037537,409.0149536,33.51069260000001
267.6893921,126.5838623,98.10957336,45.01004028,37.32976532,424.30252080000014,425.5205994,31.42560387
269.7342834,128.1412354,101.205368,46.09734726,37.20903778,402.5810547,407.4021301,36.44837570000001
269.96148680000005,131.2971497,99.3367157,47.50289154,37.49306107,424.55117800000005,432.8757324,30.48762321
270.1886902,135.0223541,101.9513016,49.1421051,38.35097885,455.8081055,458.2749023,27.12322426
270.4158936,142.07034299999995,106.8819656,50.50113297,40.38362503,481.9857483,486.7419434,27.00070572
270.6430969,152.09840390000005,113.7076111,52.27062988,42.56703568,486.6797485,533.3193359,29.39083099
270.8703003,153.063797,117.8429642,52.11949921,42.18330383,493.49823,508.09909060000007,33.49401093
271.0975342,146.15692140000004,115.1734543,51.41775894,41.71104813,466.2260742,498.9221802,36.83694458
271.3247375,135.4568024,111.5364685,49.22450256,39.83205414,442.4047546,464.6816711,37.99328995
271.5519409,138.4382019,108.5111618,49.91486359,39.87776947,443.1086426,477.8746033,36.80340195
271.7791443,133.0270538,105.8432159,47.59372711,38.71305466,416.0473633,435.6142273,31.99365425
272.0063477,130.7206421,100.906601,47.76438904,37.91274261,426.8764648,434.3203125,30.04429817
272.2335815,135.48011780000002,101.0009689,48.8065567,38.80205154,457.2003174,465.575531,29.47705841
272.4607849,148.92292790000005,109.9504929,51.57357407,40.9248848,502.3283997,510.59707639999993,27.89443207
272.6879883,153.0752716,117.2795181,52.23526001,42.13838959,467.3640137,499.9482117,29.5395298
272.9151917,136.1624298,111.9566116,49.30883789,40.12203217,430.9003296,456.5107422,34.34899902
273.142395,133.4231262,105.6677399,48.54231644,38.85582733,430.49053960000015,453.1283875,40.17645645
273.4702148,137.4695892,106.8649979,49.83127213,39.49572754,450.4360962,468.8856201,34.58312988
273.8812256,143.14575200000004,110.149704,50.91001511,40.13562775,486.2984924,491.490387,30.01360512
274.29220580000003,163.4943695,116.0541611,53.90711212,42.70552063,515.0430298,536.5854492,30.98459625
274.7032166,144.9363403,116.182312,50.72047424,42.00606155,450.8108826,494.5428162,34.1722641
275.11419680000006,139.2424011,111.86985020000002,49.95861816,40.94616699,446.2142029,486.4847412,38.6273613
275.5252075,139.7339325,109.4438477,49.78262711,39.71735382,438.6728821,479.46032710000014,38.83954620000001
275.9361877,136.8066406,107.6340942,49.67678452,39.59092712,452.0646362,467.5825806,34.33976364
276.3471985,138.4318237,107.3830795,50.26079559,39.70169067,455.4263,470.93142699999987,32.78911591
276.7581787,135.25050349999998,107.1320648,49.97589111,39.42250443,440.103363,459.82205199999987,32.36617279
277.1691895,136.8029785,106.9998703,49.54135132,39.95222092,430.40377810000007,465.6210327,34.03453064
277.5802002,140.2157593,107.3969345,50.53077698,39.54903412,473.448822,476.00061039999986,33.87586594
277.9911804,150.698288,111.9723358,51.52456665,40.98140335,476.7611694,495.6275024,34.90526199
278.4021912,152.39854430000003,111.580719,52.03333282,41.36112976,484.2304993,496.6761169,34.44344711
278.8131714,146.3859863,110.52114109999998,51.07482147,41.06163788,462.9585876,484.5541382,38.23200607
283.7451172,143.9751282,177.31918330000005,50.94774246,53.13392258,478.4542236,489.9076233,31.72075272
284.15612789999994,134.2045898,105.7314606,49.18563461,35.27512741,472.8556519,470.6526489,17.11235046
284.5671082,134.4319153,97.26644897,49.14930344,36.01202774,479.1247559,508.6298523,12.52433872
285.8001099,135.11387630000002,96.7130661,49.04032135,36.11390686,516.6081543,526.8647461,14.07307816
286.2110901000001,138.3348389,96.52861023,50.40120697,36.14786911,554.7554321,584.5857543999998,17.20388794
286.6221008,197.9030914,98.1042099,59.20329285,40.25318527,556.6964111000002,578.0990601,24.47781181
287.0330811,197.9222412,152.1467743,59.21939468,51.20046616,493.5301819,531.5390625,36.83856964
287.4440918,197.941391,157.0136566,59.23549652,51.23714447,481.9958801,480.5848389,52.66956711
287.855072,197.9605408,159.11492919999995,59.25159836,51.2738266,465.4029846,486.781189,50.85426712
288.26608280000005,176.2799683,160.2018585,56.27190781,51.31050491,429.1680603,446.7839966,34.12936783
288.677063,170.2797699,159.0998993,55.06438828,51.34718704,452.4758301,437.5157471,23.57971573
288.910675,134.1591797,151.0811768,48.85173035,49.17646027,438.8028259,448.8250732,27.79141235
288.6869506999999,134.1123352,149.5740051,49.34774017,49.22164536,440.6733398,432.0970459,29.00039482
288.4632263000001,149.281601,152.51629640000004,51.76823044,50.32324982,485.3789063,491.3682861,30.30652618
288.2394714,145.8796844,160.45198059999996,51.21339798,50.43225861,465.1081238,472.5731506,30.96577072
